{"cameraMode":{"drawMode":0,"name":"Shaded","section":"Shading Mode"},"sceneLighting":true,"audioPlay":false,"sceneViewState":{"m_AlwaysRefresh":false,"showFog":true,"showSkybox":false,"showFlares":true,"showImageEffects":true,"showParticleSystems":true,"showVisualEffectGraphs":true,"m_FxEnabled":true},"in2DMode":false,"pivot":{"x":0.1705772876739502,"y":-93.99908447265625,"z":0.3299105763435364},"rotation":{"x":0.7066934108734131,"y":-0.000004042946784466039,"z":0.0000029043694667052479,"w":0.7075263857841492},"size":97.42021942138672,"orthographic":false}