{"cameraMode":{"drawMode":0,"name":"Shaded","section":"Shading Mode"},"sceneLighting":true,"audioPlay":false,"sceneViewState":{"m_AlwaysRefresh":false,"showFog":true,"showSkybox":false,"showFlares":true,"showImageEffects":true,"showParticleSystems":true,"showVisualEffectGraphs":true,"m_FxEnabled":true},"in2DMode":false,"pivot":{"x":0.000011444091796875,"y":-2.299999713897705,"z":-0.0000152587890625},"rotation":{"x":0.7066934108734131,"y":-0.000004042946784466039,"z":0.0000029043694667052479,"w":0.7075263857841492},"size":50.89982604980469,"orthographic":false}