{"cameraMode":{"drawMode":0,"name":"Shaded","section":"Shading Mode"},"sceneLighting":true,"audioPlay":false,"sceneViewState":{"m_AlwaysRefresh":false,"showFog":true,"showSkybox":false,"showFlares":true,"showImageEffects":true,"showParticleSystems":true,"showVisualEffectGraphs":true,"m_FxEnabled":true},"in2DMode":false,"pivot":{"x":-4.509626388549805,"y":-101.58415985107422,"z":130.45265197753907},"rotation":{"x":0.32433661818504336,"y":-0.0014252628898248077,"z":0.00048372289165854454,"w":0.9459471702575684},"size":97.1738510131836,"orthographic":false}