{"cameraMode":{"drawMode":0,"name":"Shaded","section":"Shading Mode"},"sceneLighting":false,"audioPlay":false,"sceneViewState":{"m_AlwaysRefresh":false,"showFog":true,"showSkybox":false,"showFlares":true,"showImageEffects":true,"showParticleSystems":true,"showVisualEffectGraphs":true,"m_FxEnabled":true},"in2DMode":false,"pivot":{"x":128.00001525878907,"y":-2.299999713897705,"z":-0.0000152587890625},"rotation":{"x":0.7066934108734131,"y":-0.000004042946784466039,"z":0.0000029043694667052479,"w":0.7075263857841492},"size":55.47132110595703,"orthographic":false}